,type,X,Y,azi,osm_id,highway,length,edge_id,node_id,b2s_ratio,pct_building,pct_greenness,pct_road,pct_sidewalk,pct_sky
1,start,139.7779004,35.6883903,-28.64269358,49680676,unclassified,32.51877571,1,1,1.00,0.46,0.01,0.39,0.03,0.08
2,mid1,139.7778275,35.68852399,-28.59200807,49680676,unclassified,32.51877571,1,2,1.00,0.49,0.01,0.36,0.05,0.08
3,mid2,139.7778275,35.68852399,151.4079919,49680676,unclassified,32.51877571,1,3,1.00,0.54,0.00,0.40,0.04,0.00
4,end,139.7777546,35.6886577,151.4079919,49680676,unclassified,32.51877571,1,4,1.00,0.55,0.02,0.31,0.06,0.04
5,start,139.7777546,35.6886577,-24.45674402,49680676,unclassified,30.44097654,2,5,1.00,0.48,0.00,0.37,0.06,0.08
6,mid1,139.7776962,35.6887861,-24.456744,49680676,unclassified,30.44097654,2,6,1.00,0.41,0.10,0.24,0.09,0.07
7,mid2,139.7776962,35.6887861,155.543256,49680676,unclassified,30.44097654,2,7,1.00,0.49,0.03,0.30,0.09,0.06
8,end,139.7776378,35.6889145,155.5401474,49680676,unclassified,30.44097654,2,8,1.00,0.50,0.01,0.37,0.05,0.07
9,start,139.7776378,35.6889145,-19.57817184,49680676,unclassified,124.3993778,3,9,1.00,0.51,0.00,0.40,0.02,0.06
10,mid1,139.777427,35.68945414,-25.77705211,49680676,unclassified,124.3993778,3,10,1.00,0.50,0.04,0.32,0.06,0.08
11,mid2,139.777427,35.68945414,154.2229479,49680676,unclassified,124.3993778,3,11,1.00,0.46,0.02,0.38,0.05,0.07
12,end,139.777148,35.6899343,100.255528,49680676,unclassified,124.3993778,3,12,1.00,0.52,0.00,0.36,0.05,0.04
13,start,139.7793238,35.6888523,-107.6868049,90795012,unclassified,39.40142833,4,13,1.00,0.49,0.01,0.36,0.04,0.08
14,mid1,139.7791208,35.68878755,-107.6868049,90795012,unclassified,39.40142833,4,14,1.00,0.49,0.00,0.38,0.04,0.07
15,mid2,139.7791208,35.68878755,72.3131951,90795012,unclassified,39.40142833,4,15,1.00,0.48,0.01,0.39,0.02,0.05
16,end,139.7789177,35.6887228,72.31319512,90795012,unclassified,39.40142833,4,16,1.00,0.50,0.00,0.39,0.04,0.07
17,start,139.7789177,35.6887228,-107.9666636,90795012,unclassified,44.02268533,5,17,1.00,0.49,0.02,0.37,0.03,0.06
18,mid1,139.7786914,35.6886494,-107.9666636,90795012,unclassified,44.02268533,5,18,1.00,0.53,0.01,0.37,0.05,0.05
19,mid2,139.7786914,35.6886494,72.0333364,90795012,unclassified,44.02268533,5,19,1.00,0.45,0.04,0.35,0.07,0.07
20,end,139.778465,35.688576,72.03333637,90795012,unclassified,44.02268533,5,20,1.00,0.46,0.02,0.35,0.01,0.09
21,start,139.778465,35.688576,-107.1946459,90795012,unclassified,30.88794766,6,21,1.00,0.47,0.03,0.37,0.04,0.07
22,mid1,139.7783052,35.68852655,-107.1946459,90795012,unclassified,30.88794766,6,22,1.00,0.49,0.01,0.41,0.02,0.07
23,mid2,139.7783052,35.68852655,72.80535409,90795012,unclassified,30.88794766,6,23,0.98,0.44,0.02,0.38,0.02,0.09
24,end,139.7781454,35.6884771,72.80535409,90795012,unclassified,30.88794766,6,24,1.00,0.45,0.04,0.41,0.01,0.08
25,start,139.7781454,35.6884771,-109.5141029,90795012,unclassified,24.14009322,7,25,1.00,0.46,0.01,0.39,0.01,0.08
26,mid1,139.7780229,35.68843369,-109.5141028,90795012,unclassified,24.14009322,7,26,1.00,0.47,0.00,0.40,0.04,0.09
27,mid2,139.7780229,35.68843369,70.48589716,90795012,unclassified,24.14009322,7,27,1.00,0.47,0.02,0.38,0.02,0.05
28,end,139.7779004,35.6883903,70.50765331,90795012,unclassified,24.14009322,7,28,1.00,0.47,0.01,0.39,0.03,0.09
29,start,139.7777394,35.6883223,-109.3998391,90795012,unclassified,47.2315267,8,29,1.00,0.47,0.01,0.41,0.02,0.08
30,mid1,139.7774995,35.68823782,-109.3998391,90795012,unclassified,47.2315267,8,30,1.00,0.48,0.02,0.40,0.01,0.07
31,mid2,139.7774995,35.68823782,70.60016086,90795012,unclassified,47.2315267,8,31,1.00,0.49,0.00,0.39,0.05,0.07
32,end,139.7772596,35.6881533,70.56544435,90795012,unclassified,47.2315267,8,32,1.00,0.47,0.05,0.34,0.05,0.09
33,start,139.7772596,35.6881533,-111.010936,90795012,unclassified,35.1051923,9,33,1.00,0.53,0.00,0.39,0.03,0.04
34,mid1,139.777084,35.68808569,-111.080682,90795012,unclassified,35.1051923,9,34,1.00,0.51,0.00,0.37,0.02,0.04
35,mid2,139.777084,35.68808569,68.91931799,90795012,unclassified,35.1051923,9,35,1.00,0.47,0.00,0.40,0.02,0.10
36,end,139.7769084,35.688018,68.91931797,90795012,unclassified,35.1051923,9,36,1.00,0.51,0.00,0.36,0.03,0.07
37,start,139.7769084,35.688018,-108.5842396,90795012,unclassified,37.43777096,10,37,1.00,0.53,0.00,0.37,0.05,0.04
38,mid1,139.7767169,35.68795361,-108.5842396,90795012,unclassified,37.43777096,10,38,1.00,0.46,0.03,0.37,0.03,0.06
39,mid2,139.7767169,35.68795361,71.41576045,90795012,unclassified,37.43777096,10,39,1.00,0.45,0.00,0.39,0.05,0.09
40,end,139.7765254,35.6878892,71.39587122,90795012,unclassified,37.43777096,10,40,1.00,0.46,0.04,0.40,0.04,0.06
41,start,139.7779697,35.6903785,-178.4688736,93713552,residential,111.0999212,11,41,1.00,0.47,0.03,0.32,0.08,0.06
42,mid1,139.7782787,35.68995002,139.5772767,93713552,residential,111.0999212,11,42,1.00,0.44,0.04,0.39,0.03,0.07
43,mid2,139.7782787,35.68995002,319.5772767,93713552,residential,111.0999212,11,43,1.00,0.51,0.07,0.33,0.04,0.04
44,end,139.7786721,35.6895767,312.2893116,93713552,residential,111.0999212,11,44,1.00,0.47,0.04,0.35,0.06,0.07
45,start,139.7786991,35.689547,138.5407728,93713552,residential,42.27558708,12,45,1.00,0.56,0.00,0.35,0.04,0.04
46,mid1,139.7788356,35.68939255,138.5407728,93713552,residential,42.27558708,12,46,1.00,0.57,0.00,0.34,0.05,0.03
47,mid2,139.7788356,35.68939255,318.5407728,93713552,residential,42.27558708,12,47,1.00,0.52,0.00,0.11,0.20,0.03
48,end,139.778972,35.6892381,318.5407728,93713552,residential,42.27558708,12,48,1.00,0.53,0.00,0.36,0.03,0.04
49,start,139.778972,35.6892381,136.518531,93713552,residential,48.91410903,13,49,1.00,0.49,0.00,0.37,0.01,0.03
50,mid1,139.7791373,35.68906385,136.518531,93713552,residential,48.91410903,13,50,1.00,0.49,0.06,0.35,0.04,0.05
51,mid2,139.7791373,35.68906385,316.518531,93713552,residential,48.91410903,13,51,1.00,0.52,0.01,0.38,0.04,0.05
52,end,139.7793025,35.6888896,316.518531,93713552,residential,48.91410903,13,52,1.00,0.50,0.04,0.39,0.02,0.05
53,start,139.7793387,35.6888149,158.2014227,93713552,residential,40.77976838,14,53,1.00,0.45,0.07,0.35,0.04,0.08
54,mid1,139.7794085,35.6886405,158.2014228,93713552,residential,40.77976838,14,54,1.00,0.40,0.07,0.32,0.07,0.13
55,mid2,139.7794085,35.6886405,338.2014228,93713552,residential,40.77976838,14,55,1.00,0.55,0.05,0.28,0.07,0.02
56,end,139.7794782,35.6884661,338.2014227,93713552,residential,40.77976838,14,56,1.00,0.57,0.01,0.29,0.07,0.04
57,start,139.7794782,35.6884661,155.444691,93713552,residential,25.72529981,15,57,1.00,0.39,0.07,0.30,0.06,0.12
58,mid1,139.7795278,35.68835765,155.4446911,93713552,residential,25.72529981,15,58,NA,0.00,0.00,0.00,0.00,0.00
59,mid2,139.7795278,35.68835765,335.4446911,93713552,residential,25.72529981,15,59,NA,0.00,0.00,0.00,0.00,0.00
60,end,139.7795773,35.6882492,335.444691,93713552,residential,25.72529981,15,60,1.00,0.42,0.02,0.03,0.26,0.05
61,start,139.7797286,35.6879299,157.4505576,93713552,residential,71.21872213,16,61,1.00,0.52,0.01,0.30,0.03,0.06
62,mid1,139.7798546,35.68762645,157.4505576,93713552,residential,71.21872213,16,62,1.00,0.52,0.00,0.33,0.03,0.07
63,mid2,139.7798546,35.68762645,337.4505576,93713552,residential,71.21872213,16,63,0.85,0.35,0.12,0.29,0.07,0.05
64,end,139.7799806,35.687323,337.4505576,93713552,residential,71.21872213,16,64,1.00,0.52,0.00,0.36,0.01,0.08
65,start,139.7799806,35.687323,156.8736182,93713552,residential,42.85274196,17,65,1.00,0.55,0.00,0.38,0.03,0.04
66,mid1,139.7800584,35.68714095,156.8736182,93713552,residential,42.85274196,17,66,1.00,0.54,0.01,0.36,0.05,0.04
67,mid2,139.7800584,35.68714095,336.8736182,93713552,residential,42.85274196,17,67,1.00,0.50,0.01,0.36,0.02,0.10
68,end,139.7801361,35.6869589,336.8736182,93713552,residential,42.85274196,17,68,1.00,0.51,0.02,0.36,0.04,0.07
69,start,139.7801437,35.6869416,155.706347,93713552,residential,42.7015616,18,69,1.00,0.50,0.01,0.35,0.04,0.08
70,mid1,139.7802255,35.68676037,155.706347,93713552,residential,42.7015616,18,70,1.00,0.50,0.00,0.36,0.03,0.10
71,mid2,139.7802255,35.68676037,335.706347,93713552,residential,42.7015616,18,71,1.00,0.50,0.00,0.39,0.02,0.04
72,end,139.7803193,35.6865857,326.8485795,93713552,residential,42.7015616,18,72,1.00,0.57,0.00,0.34,0.03,0.06
73,start,139.7803193,35.6865857,140.9301811,93713552,residential,44.23279927,19,73,1.00,0.50,0.00,0.39,0.02,0.08
74,mid1,139.7804541,35.68641965,140.9301812,93713552,residential,44.23279927,19,74,0.99,0.39,0.00,0.37,0.02,0.12
75,mid2,139.7804541,35.68641965,320.9301812,93713552,residential,44.23279927,19,75,1.00,0.51,0.00,0.35,0.04,0.10
76,end,139.7805889,35.6862536,320.9301811,93713552,residential,44.23279927,19,76,1.00,0.42,0.01,0.37,0.01,0.10
77,start,139.7805889,35.6862536,142.2685143,93713552,residential,28.73534817,20,77,1.00,0.53,0.02,0.34,0.02,0.07
78,mid1,139.7806736,35.6861442,142.2685143,93713552,residential,28.73534817,20,78,1.00,0.50,0.03,0.32,0.02,0.06
79,mid2,139.7806736,35.6861442,322.2685143,93713552,residential,28.73534817,20,79,1.00,0.49,0.02,0.35,0.04,0.09
80,end,139.7807582,35.6860348,322.2685143,93713552,residential,28.73534817,20,80,1.00,0.40,0.08,0.35,0.02,0.10
81,start,139.7807582,35.6860348,140.0117575,93713552,residential,224.4102402,21,81,1.00,0.55,0.01,0.35,0.02,0.04
82,mid1,139.7814732,35.68521057,139.1775689,93713552,residential,224.4102402,21,82,0.92,0.37,0.13,0.32,0.07,0.08
83,mid2,139.7814732,35.68521057,319.1775689,93713552,residential,224.4102402,21,83,0.96,0.43,0.05,0.38,0.07,0.05
84,end,139.7821821,35.684381,319.4651352,93713552,residential,224.4102402,21,84,0.89,0.39,0.10,0.39,0.05,0.07
85,start,139.7765456,35.6897368,146.0577318,93713584,residential,121.9554314,22,85,0.96,0.38,0.06,0.39,0.01,0.05
86,mid1,139.7767733,35.68922236,158.0737473,93713584,residential,121.9554314,22,86,1.00,0.53,0.02,0.36,0.03,0.04
87,mid2,139.7767733,35.68922236,338.0737473,93713584,residential,121.9554314,22,87,1.00,0.55,0.03,0.35,0.02,0.01
88,end,139.776992,35.6887027,336.8649772,93713584,residential,121.9554314,22,88,0.92,0.39,0.12,0.40,0.02,0.05
89,start,139.777012,35.6886616,154.0243507,93713584,residential,56.55148215,23,89,1.00,0.52,0.02,0.36,0.03,0.06
90,mid1,139.7771272,35.68842515,154.0243507,93713584,residential,56.55148215,23,90,1.00,0.50,0.01,0.33,0.07,0.08
91,mid2,139.7771272,35.68842515,334.0243507,93713584,residential,56.55148215,23,91,1.00,0.57,0.00,0.25,0.06,0.03
92,end,139.7772424,35.6881887,334.0243507,93713584,residential,56.55148215,23,92,1.00,0.51,0.02,0.37,0.03,0.05
93,start,139.7772768,35.6881135,157.1923915,93713584,residential,79.73790945,24,93,1.00,0.52,0.00,0.36,0.02,0.09
94,mid1,139.7774195,35.68777419,157.1923915,93713584,residential,79.73790945,24,94,1.00,0.48,0.00,0.37,0.02,0.07
95,mid2,139.7774195,35.68777419,337.1923915,93713584,residential,79.73790945,24,95,1.00,0.47,0.04,0.33,0.03,0.09
96,end,139.7775622,35.6874349,337.131505,93713584,residential,79.73790945,24,96,0.97,0.44,0.00,0.34,0.02,0.09
97,start,139.7776043,35.6873326,157.2634622,93713584,residential,92.0765572,25,97,1.00,0.52,0.01,0.37,0.04,0.05
98,mid1,139.7777686,35.68694065,157.2634622,93713584,residential,92.0765572,25,98,1.00,0.47,0.05,0.36,0.03,0.09
99,mid2,139.7777686,35.68694065,337.2634622,93713584,residential,92.0765572,25,99,1.00,0.49,0.06,0.35,0.03,0.06
100,end,139.7779328,35.6865487,337.2634622,93713584,residential,92.0765572,25,100,1.00,0.50,0.03,0.36,0.03,0.07
101,start,139.7779328,35.6865487,156.0190733,93713584,residential,71.57655224,26,101,1.00,0.46,0.00,0.38,0.02,0.10
102,mid1,139.7780675,35.686246,156.0190733,93713584,residential,71.57655224,26,102,1.00,0.51,0.02,0.34,0.05,0.08
103,mid2,139.7780675,35.686246,336.0190733,93713584,residential,71.57655224,26,103,1.00,0.49,0.00,0.25,0.08,0.09
104,end,139.7782021,35.6859433,336.0190733,93713584,residential,71.57655224,26,104,NA,0.00,0.00,0.00,0.00,0.00
105,start,139.7782021,35.6859433,156.2165396,93713584,residential,119.5658479,27,105,NA,0.00,0.00,0.00,0.00,0.00
106,mid1,139.7784247,35.68543831,156.2165396,93713584,residential,119.5658479,27,106,1.00,0.62,0.02,0.29,0.07,0.00
107,mid2,139.7784247,35.68543831,336.2165396,93713584,residential,119.5658479,27,107,1.00,0.58,0.01,0.30,0.05,0.05
108,end,139.7786216,35.6849256,350.258052,93713584,residential,119.5658479,27,108,1.00,0.49,0.01,0.39,0.05,0.05
109,start,139.7796745,35.6885466,67.65150183,94094800,residential,42.42271536,28,109,1.00,0.52,0.16,0.04,0.04,0.00
110,mid1,139.7798841,35.68863275,67.65150185,94094800,residential,42.42271536,28,110,1.00,0.68,0.05,0.14,0.10,0.02
111,mid2,139.7798841,35.68863275,247.6515018,94094800,residential,42.42271536,28,111,1.00,0.66,0.04,0.17,0.07,0.05
112,end,139.7800936,35.6887189,247.6515018,94094800,residential,42.42271536,28,112,1.00,0.60,0.03,0.26,0.11,0.00
113,start,139.7833715,35.6896019,-120.6799603,94094801,unclassified,349.8952231,29,113,1.00,0.47,0.02,0.38,0.02,0.07
114,mid1,139.7818707,35.68861179,-124.2943143,94094801,unclassified,349.8952231,29,114,1.00,0.53,0.00,0.39,0.03,0.05
115,mid2,139.7818707,35.68861179,55.7056857,94094801,unclassified,349.8952231,29,115,1.00,0.47,0.00,0.44,0.01,0.07
116,end,139.7803857,35.687598,54.40838917,94094801,unclassified,349.8952231,29,116,1.00,0.50,0.00,0.38,0.02,0.05
117,start,139.7803857,35.687598,-125.4134424,94094801,unclassified,47.74084351,30,117,1.00,0.49,0.00,0.36,0.03,0.08
118,mid1,139.780186,35.68745599,-125.4134424,94094801,unclassified,47.74084351,30,118,1.00,0.47,0.00,0.36,0.03,0.08
119,mid2,139.780186,35.68745599,54.58655759,94094801,unclassified,47.74084351,30,119,1.00,0.46,0.01,0.32,0.00,0.07
120,end,139.7799806,35.687323,61.51416391,94094801,unclassified,47.74084351,30,120,1.00,0.52,0.03,0.34,0.03,0.07
121,start,139.7799806,35.687323,-114.1838571,94094801,unclassified,46.5121437,31,121,1.00,0.52,0.00,0.33,0.04,0.09
122,mid1,139.7797553,35.6872218,-114.1838571,94094801,unclassified,46.5121437,31,122,1.00,0.53,0.00,0.34,0.02,0.07
123,mid2,139.7797553,35.6872218,65.81614287,94094801,unclassified,46.5121437,31,123,1.00,0.55,0.00,0.36,0.04,0.03
124,end,139.7795299,35.6871206,65.81614287,94094801,unclassified,46.5121437,31,124,1.00,0.48,0.00,0.37,0.01,0.08
125,start,139.7769649,35.6855968,74.31553946,94094804,residential,49.52545093,32,125,1.00,0.44,0.00,0.40,0.03,0.08
126,mid1,139.7772241,35.68566942,74.35713429,94094804,residential,49.52545093,32,126,1.00,0.59,0.00,0.28,0.05,0.07
127,mid2,139.7772241,35.68566942,254.3571343,94094804,residential,49.52545093,32,127,0.87,0.41,0.00,0.35,0.02,0.11
128,end,139.7774833,35.685742,254.3571343,94094804,residential,49.52545093,32,128,1.00,0.54,0.00,0.37,0.02,0.06
129,start,139.7778479,35.6858436,74.27918324,94094804,residential,33.85632894,33,129,1.00,0.52,0.00,0.36,0.03,0.08
130,mid1,139.778025,35.68589345,74.27918328,94094804,residential,33.85632894,33,130,1.00,0.53,0.00,0.35,0.03,0.08
131,mid2,139.778025,35.68589345,254.2791833,94094804,residential,33.85632894,33,131,1.00,0.53,0.00,0.36,0.03,0.08
132,end,139.7782021,35.6859433,254.2791832,94094804,residential,33.85632894,33,132,NA,0.00,0.00,0.00,0.00,0.00
133,start,139.7782021,35.6859433,73.15341047,94094804,residential,46.72877901,34,133,NA,0.00,0.00,0.00,0.00,0.00
134,mid1,139.7784445,35.6860167,73.15341047,94094804,residential,46.72877901,34,134,1.00,0.51,0.02,0.35,0.03,0.07
135,mid2,139.7784445,35.6860167,253.1534105,94094804,residential,46.72877901,34,135,1.00,0.47,0.00,0.08,0.22,0.09
136,end,139.7786869,35.6860901,253.1534105,94094804,residential,46.72877901,34,136,1.00,0.52,0.02,0.34,0.03,0.08
137,start,139.7786869,35.6860901,73.70229976,94094804,residential,40.54561893,35,137,1.00,0.51,0.00,0.36,0.03,0.09
138,mid1,139.7788981,35.68615185,73.70229976,94094804,residential,40.54561893,35,138,1.00,0.47,0.01,0.31,0.02,0.08
139,mid2,139.7788981,35.68615185,253.7022998,94094804,residential,40.54561893,35,139,1.00,0.51,0.00,0.36,0.06,0.07
140,end,139.7791093,35.6862136,253.7022998,94094804,residential,40.54561893,35,140,1.00,0.42,0.07,0.37,0.02,0.09
141,start,139.7791093,35.6862136,72.75587947,94094804,residential,32.73772817,36,141,0.93,0.38,0.02,0.38,0.01,0.08
142,mid1,139.7792786,35.68626615,72.75587946,94094804,residential,32.73772817,36,142,NA,0.00,0.00,0.00,0.00,0.00
143,mid2,139.7792786,35.68626615,252.7558795,94094804,residential,32.73772817,36,143,NA,0.00,0.00,0.00,0.00,0.00
144,end,139.7794479,35.6863187,252.7558795,94094804,residential,32.73772817,36,144,1.00,0.42,0.12,0.30,0.06,0.07
145,start,139.7794479,35.6863187,72.7499568,94094804,residential,32.47815131,37,145,0.85,0.35,0.14,0.32,0.02,0.10
146,mid1,139.7796159,35.68637085,72.74995679,94094804,residential,32.47815131,37,146,1.00,0.51,0.00,0.29,0.08,0.11
147,mid2,139.7796159,35.68637085,252.7499568,94094804,residential,32.47815131,37,147,0.90,0.32,0.24,0.30,0.02,0.05
148,end,139.7797838,35.686423,252.7499568,94094804,residential,32.47815131,37,148,1.00,0.50,0.02,0.39,0.02,0.07
149,start,139.7797838,35.686423,73.09973941,94094804,residential,51.63666947,38,149,1.00,0.44,0.01,0.36,0.04,0.12
150,mid1,139.7800516,35.68650435,73.09973941,94094804,residential,51.63666947,38,150,1.00,0.47,0.00,0.38,0.04,0.10
151,mid2,139.7800516,35.68650435,253.0997394,94094804,residential,51.63666947,38,151,1.00,0.48,0.00,0.34,0.05,0.09
152,end,139.7803193,35.6865857,253.0997394,94094804,residential,51.63666947,38,152,1.00,0.59,0.00,0.31,0.03,0.07
153,start,139.7803193,35.6865857,55.05114622,94094804,residential,32.92017646,39,153,1.00,0.55,0.00,0.37,0.02,0.05
154,mid1,139.7804575,35.68668225,55.0511462,94094804,residential,32.92017646,39,154,1.00,0.52,0.01,0.33,0.08,0.05
155,mid2,139.7804575,35.68668225,235.0511462,94094804,residential,32.92017646,39,155,1.00,0.46,0.01,0.13,0.16,0.13
156,end,139.7805956,35.6867788,235.0511462,94094804,residential,32.92017646,39,156,1.00,0.55,0.00,0.31,0.03,0.08
157,start,139.7805956,35.6867788,57.2943682,94094804,residential,38.31521451,40,157,1.00,0.45,0.02,0.28,0.01,0.08
158,mid1,139.780762,35.68688565,57.29436818,94094804,residential,38.31521451,40,158,1.00,0.51,0.01,0.34,0.07,0.06
159,mid2,139.780762,35.68688565,237.2943682,94094804,residential,38.31521451,40,159,1.00,0.50,0.02,0.33,0.06,0.07
160,end,139.7809284,35.6869925,237.2943682,94094804,residential,38.31521451,40,160,1.00,0.52,0.02,0.36,0.01,0.06
161,start,139.7809284,35.6869925,58.72315489,94094804,residential,56.99971687,41,161,1.00,0.52,0.03,0.36,0.01,0.05
162,mid1,139.7811818,35.68714641,58.72315493,94094804,residential,56.99971687,41,162,1.00,0.51,0.04,0.33,0.06,0.06
163,mid2,139.7811818,35.68714641,238.7231549,94094804,residential,56.99971687,41,163,1.00,0.51,0.01,0.32,0.05,0.06
164,end,139.781439,35.6872934,242.7528884,94094804,residential,56.99971687,41,164,1.00,0.46,0.04,0.39,0.04,0.06
165,start,139.7803498,35.6887063,63.22438292,94094812,residential,247.7922683,42,165,1.00,0.64,0.00,0.06,0.12,0.01
166,mid1,139.7814514,35.68936078,57.46337498,94094812,residential,247.7922683,42,166,1.00,0.47,0.09,0.34,0.01,0.04
167,mid2,139.7814514,35.68936078,237.463375,94094812,residential,247.7922683,42,167,1.00,0.49,0.03,0.42,0.03,0.03
168,end,139.7825308,35.6900547,237.2632152,94094812,residential,247.7922683,42,168,1.00,0.45,0.08,0.29,0.08,0.02
169,start,139.7794479,35.6863187,155.4955232,94094816,service,124.7792515,43,169,1.00,0.59,0.03,0.26,0.05,0.03
170,mid1,139.7796879,35.68579224,155.4955232,94094816,service,124.7792515,43,170,1.00,0.58,0.00,0.25,0.05,0.03
171,mid2,139.7796879,35.68579224,335.4955232,94094816,service,124.7792515,43,171,1.00,0.51,0.10,0.27,0.08,0.04
172,end,139.7799318,35.6852677,332.4867337,94094816,service,124.7792515,43,172,1.00,0.51,0.00,0.40,0.04,0.04
173,start,139.7791502,35.6850405,-23.81818196,94094826,residential,123.9846153,44,173,0.90,0.42,0.06,0.26,0.03,0.05
174,mid1,139.7789185,35.6855653,-23.81684562,94094826,residential,123.9846153,44,174,1.00,0.49,0.05,0.33,0.04,0.05
175,mid2,139.7789185,35.6855653,156.1831544,94094826,residential,123.9846153,44,175,1.00,0.51,0.03,0.29,0.06,0.05
176,end,139.7786869,35.6860901,156.1831544,94094826,residential,123.9846153,44,176,1.00,0.58,0.00,0.32,0.02,0.05
177,start,139.7786869,35.6860901,-23.27264694,94094826,residential,71.44827142,45,177,1.00,0.53,0.02,0.31,0.04,0.06
178,mid1,139.7785565,35.6863934,-23.27264694,94094826,residential,71.44827142,45,178,1.00,0.57,0.01,0.31,0.04,0.04
179,mid2,139.7785565,35.6863934,156.7273531,94094826,residential,71.44827142,45,179,1.00,0.56,0.01,0.32,0.05,0.06
180,end,139.778426,35.6866967,156.7273531,94094826,residential,71.44827142,45,180,1.00,0.57,0.03,0.31,0.04,0.04
181,start,139.778426,35.6866967,-22.57745699,94094826,residential,91.22781738,46,181,1.00,0.46,0.00,0.32,0.07,0.08
182,mid1,139.7782644,35.68708535,-22.57745696,94094826,residential,91.22781738,46,182,1.00,0.59,0.01,0.31,0.06,0.03
183,mid2,139.7782644,35.68708535,157.422543,94094826,residential,91.22781738,46,183,1.00,0.49,0.06,0.29,0.04,0.07
184,end,139.7781028,35.687474,157.422543,94094826,residential,91.22781738,46,184,1.00,0.62,0.01,0.28,0.05,0.01
185,start,139.7780577,35.6875754,-23.14876046,94094826,residential,83.33764072,47,185,1.00,0.49,0.08,0.32,0.03,0.06
186,mid1,139.7779064,35.6879294,-23.14876044,94094826,residential,83.33764072,47,186,1.00,0.53,0.07,0.30,0.04,0.04
187,mid2,139.7779064,35.6879294,156.8512396,94094826,residential,83.33764072,47,187,1.00,0.50,0.01,0.33,0.03,0.06
188,end,139.777755,35.6882834,156.8512395,94094826,residential,83.33764072,47,188,1.00,0.58,0.04,0.28,0.07,0.02
189,start,139.7840045,35.6884206,-122.5750635,94094829,residential,320.4627721,48,189,1.00,0.51,0.00,0.38,0.04,0.05
190,mid1,139.7826074,35.68753412,-122.6613033,94094829,residential,320.4627721,48,190,1.00,0.54,0.00,0.25,0.05,0.02
191,mid2,139.7826074,35.68753412,57.33869671,94094829,residential,320.4627721,48,191,1.00,0.55,0.03,0.29,0.12,0.01
192,end,139.7812163,35.6866389,58.87244809,94094829,residential,320.4627721,48,192,1.00,0.50,0.00,0.37,0.02,0.07
193,start,139.7812163,35.6866389,-121.5549916,94094829,residential,71.03755527,49,193,1.00,0.52,0.00,0.36,0.03,0.07
194,mid1,139.7809026,35.68644625,-121.5549916,94094829,residential,71.03755527,49,194,1.00,0.49,0.00,0.38,0.05,0.09
195,mid2,139.7809026,35.68644625,58.44500844,94094829,residential,71.03755527,49,195,1.00,0.53,0.01,0.35,0.04,0.06
196,end,139.7805889,35.6862536,58.44500842,94094829,residential,71.03755527,49,196,1.00,0.53,0.01,0.34,0.02,0.06
197,start,139.7805889,35.6862536,-121.24655,94094829,residential,63.97850845,50,197,1.00,0.50,0.04,0.39,0.02,0.06
198,mid1,139.7803047,35.68608114,-121.24655,94094829,residential,63.97850845,50,198,1.00,0.51,0.00,0.39,0.04,0.05
199,mid2,139.7803047,35.68608114,58.75345001,94094829,residential,63.97850845,50,199,1.00,0.46,0.01,0.43,0.02,0.08
200,end,139.7800176,35.6859137,62.64805151,94094829,residential,63.97850845,50,200,1.00,0.49,0.02,0.37,0.02,0.06
201,start,139.7788483,35.6868152,-105.6744492,94094836,residential,40.3518935,51,201,1.00,0.51,0.01,0.36,0.04,0.08
202,mid1,139.7786372,35.68675595,-105.6744492,94094836,residential,40.3518935,51,202,1.00,0.44,0.06,0.36,0.05,0.08
203,mid2,139.7786372,35.68675595,74.32555075,94094836,residential,40.3518935,51,203,1.00,0.46,0.02,0.37,0.03,0.10
204,end,139.778426,35.6866967,74.32555077,94094836,residential,40.3518935,51,204,1.00,0.45,0.05,0.37,0.03,0.09
205,start,139.778426,35.6866967,-106.7035073,94094836,residential,47.48613691,52,205,1.00,0.49,0.00,0.39,0.02,0.08
206,mid1,139.7781794,35.6866227,-106.7035073,94094836,residential,47.48613691,52,206,1.00,0.53,0.00,0.34,0.05,0.08
207,mid2,139.7781794,35.6866227,73.29649269,94094836,residential,47.48613691,52,207,1.00,0.48,0.00,0.38,0.03,0.09
208,end,139.7779328,35.6865487,73.29649269,94094836,residential,47.48613691,52,208,1.00,0.52,0.00,0.39,0.02,0.07
209,start,139.7779328,35.6865487,-105.2606184,94094836,residential,33.59365202,53,209,1.00,0.45,0.02,0.34,0.04,0.11
210,mid1,139.7777565,35.6865006,-105.2606184,94094836,residential,33.59365202,53,210,1.00,0.51,0.00,0.37,0.02,0.04
211,mid2,139.7777565,35.6865006,74.73938159,94094836,residential,33.59365202,53,211,0.77,0.36,0.00,0.32,0.01,0.15
212,end,139.7775802,35.6864525,74.73938161,94094836,residential,33.59365202,53,212,0.86,0.39,0.01,0.42,0.01,0.15
213,start,139.7772122,35.6863506,-105.9096023,94094836,residential,28.47531666,54,213,1.00,0.55,0.01,0.11,0.14,0.04
214,mid1,139.7770634,35.6863082,-105.9096023,94094836,residential,28.47531666,54,214,0.62,0.27,0.03,0.35,0.03,0.19
215,mid2,139.7770634,35.6863082,74.09039768,94094836,residential,28.47531666,54,215,1.00,0.51,0.02,0.36,0.03,0.06
216,end,139.7769147,35.6862658,74.08959033,94094836,residential,28.47531666,54,216,1.00,0.50,0.03,0.37,0.04,0.05
217,start,139.7763432,35.688486,71.5337062,94094840,residential,63.35590435,55,217,0.61,0.23,0.25,0.31,0.03,0.08
218,mid1,139.7766676,35.68859433,71.53370618,94094840,residential,63.35590435,55,218,0.30,0.14,0.34,0.39,0.04,0.07
219,mid2,139.7766676,35.68859433,251.5337062,94094840,residential,63.35590435,55,219,0.78,0.36,0.09,0.40,0.00,0.07
220,end,139.776992,35.6887027,251.4898599,94094840,residential,63.35590435,55,220,0.41,0.18,0.34,0.39,0.02,0.00
221,start,139.776992,35.6887027,71.86430323,94094840,residential,62.8992347,56,221,0.76,0.35,0.11,0.44,0.01,0.08
222,mid1,139.7773149,35.68880859,71.83868682,94094840,residential,62.8992347,56,222,0.64,0.30,0.16,0.39,0.01,0.08
223,mid2,139.7773149,35.68880859,251.8386868,94094840,residential,62.8992347,56,223,0.39,0.18,0.27,0.38,0.01,0.07
224,end,139.7776378,35.6889145,251.8472941,94094840,residential,62.8992347,56,224,0.74,0.32,0.17,0.40,0.03,0.07
225,start,139.7774161,35.686407,157.4625071,94094847,path,71.90689476,57,225,1.00,0.62,0.05,0.28,0.06,0.00
226,mid1,139.7775433,35.6861006,157.4625071,94094847,path,71.90689476,57,226,1.00,0.65,0.08,0.17,0.08,0.01
227,mid2,139.7775433,35.6861006,337.4625071,94094847,path,71.90689476,57,227,1.00,0.66,0.08,0.19,0.06,0.00
228,end,139.7776704,35.6857942,337.4625071,94094847,path,71.90689476,57,228,1.00,0.58,0.01,0.30,0.05,0.01
229,start,139.7776704,35.6857942,156.517718,94094847,path,103.3088582,58,229,1.00,0.64,0.00,0.12,0.06,0.02
230,mid1,139.7778608,35.68535596,156.517718,94094847,path,103.3088582,58,230,1.00,0.64,0.00,0.26,0.06,0.02
231,mid2,139.7778608,35.68535596,336.517718,94094847,path,103.3088582,58,231,1.00,0.60,0.00,0.27,0.05,0.05
232,end,139.7780538,35.6849189,334.5998224,94094847,path,103.3088582,58,232,1.00,0.45,0.21,0.04,0.20,0.00
233,start,139.7802845,35.6853731,-33.96397664,94094851,residential,39.15285237,59,233,1.00,0.47,0.02,0.40,0.02,0.05
234,mid1,139.7801965,35.68553182,-23.18161899,94094851,residential,39.15285237,59,234,1.00,0.55,0.00,0.28,0.03,0.06
235,mid2,139.7801965,35.68553182,156.818381,94094851,residential,39.15285237,59,235,1.00,0.50,0.01,0.32,0.06,0.06
236,end,139.7801247,35.6856994,156.818381,94094851,residential,39.15285237,59,236,1.00,0.57,0.00,0.35,0.03,0.04
237,start,139.7801247,35.6856994,-26.55435568,94094851,residential,25.71750264,60,237,1.00,0.49,0.03,0.36,0.05,0.07
238,mid1,139.7800712,35.68580655,-26.55435575,94094851,residential,25.71750264,60,238,1.00,0.46,0.05,0.30,0.03,0.09
239,mid2,139.7800712,35.68580655,153.4456443,94094851,residential,25.71750264,60,239,1.00,0.57,0.00,0.29,0.09,0.03
240,end,139.7800176,35.6859137,153.4456443,94094851,residential,25.71750264,60,240,1.00,0.53,0.04,0.35,0.02,0.05
241,start,139.7800176,35.6859137,-24.65803132,94094851,residential,60.44021592,61,241,1.00,0.46,0.01,0.38,0.04,0.08
242,mid1,139.7799007,35.68616835,-24.65803133,94094851,residential,60.44021592,61,242,1.00,0.45,0.06,0.34,0.05,0.08
243,mid2,139.7799007,35.68616835,155.3419687,94094851,residential,60.44021592,61,243,1.00,0.53,0.00,0.35,0.03,0.05
244,end,139.7797838,35.686423,155.3419687,94094851,residential,60.44021592,61,244,1.00,0.48,0.00,0.36,0.03,0.07
245,start,139.7797838,35.686423,-19.97970463,94094851,residential,47.0376448,62,245,1.00,0.52,0.00,0.36,0.03,0.09
246,mid1,139.7797101,35.68662585,-19.97970462,94094851,residential,47.0376448,62,246,1.00,0.40,0.01,0.08,0.20,0.13
247,mid2,139.7797101,35.68662585,160.0202954,94094851,residential,47.0376448,62,247,1.00,0.50,0.00,0.27,0.08,0.06
248,end,139.7796363,35.6868287,160.0202954,94094851,residential,47.0376448,62,248,1.00,0.49,0.04,0.27,0.06,0.08
249,start,139.7796363,35.6868287,-20.02722261,94094851,residential,33.85046114,63,249,0.88,0.39,0.01,0.40,0.03,0.14
250,mid1,139.7795831,35.68697465,-20.02722256,94094851,residential,33.85046114,63,250,1.00,0.49,0.02,0.37,0.04,0.08
251,mid2,139.7795831,35.68697465,159.9727774,94094851,residential,33.85046114,63,251,0.85,0.35,0.05,0.38,0.02,0.15
252,end,139.7795299,35.6871206,159.9727774,94094851,residential,33.85046114,63,252,0.94,0.38,0.14,0.37,0.02,0.09
253,start,139.7795299,35.6871206,-19.97166863,94094851,residential,79.27825486,64,253,1.00,0.43,0.05,0.22,0.16,0.05
254,mid1,139.7794057,35.6874625,-19.97166862,94094851,residential,79.27825486,64,254,1.00,0.51,0.01,0.35,0.05,0.05
255,mid2,139.7794057,35.6874625,160.0283314,94094851,residential,79.27825486,64,255,1.00,0.47,0.01,0.38,0.02,0.07
256,end,139.7792814,35.6878044,160.0283314,94094851,residential,79.27825486,64,256,1.00,0.50,0.00,0.33,0.03,0.05
257,start,139.7792442,35.6879004,-21.64332989,94094851,residential,91.35889696,65,257,1.00,0.54,0.00,0.35,0.03,0.07
258,mid1,139.7790891,35.6882914,-21.64332993,94094851,residential,91.35889696,65,258,1.00,0.53,0.04,0.33,0.02,0.02
259,mid2,139.7790891,35.6882914,158.3566701,94094851,residential,91.35889696,65,259,1.00,0.47,0.05,0.36,0.04,0.08
260,end,139.7789339,35.6886824,158.3566701,94094851,residential,91.35889696,65,260,1.00,0.56,0.01,0.30,0.03,0.06
261,start,139.7772122,35.6863506,155.9894866,94094857,residential,71.9664727,66,261,1.00,0.56,0.00,0.32,0.04,0.05
262,mid1,139.7773478,35.6860463,155.9894866,94094857,residential,71.9664727,66,262,1.00,0.56,0.02,0.32,0.03,0.05
263,mid2,139.7773478,35.6860463,335.9894866,94094857,residential,71.9664727,66,263,1.00,0.60,0.01,0.32,0.04,0.01
264,end,139.7774833,35.685742,335.9894866,94094857,residential,71.9664727,66,264,1.00,0.53,0.02,0.30,0.07,0.06
265,start,139.7774833,35.685742,157.1113559,94094857,residential,97.41159275,67,265,1.00,0.56,0.00,0.34,0.02,0.05
266,mid1,139.7776575,35.68532767,157.5990794,94094857,residential,97.41159275,67,266,1.00,0.59,0.00,0.27,0.12,0.01
267,mid2,139.7776575,35.68532767,337.5990794,94094857,residential,97.41159275,67,267,1.00,0.54,0.01,0.23,0.14,0.06
268,end,139.7778287,35.6849121,337.639516,94094857,residential,97.41159275,67,268,1.00,0.53,0.01,0.36,0.07,0.03
269,start,139.7817303,35.6860714,-42.18288034,94094864,residential,78.33912036,68,269,1.00,0.47,0.01,0.37,0.04,0.09
270,mid1,139.7814733,35.68635514,-42.16588899,94094864,residential,78.33912036,68,270,1.00,0.51,0.00,0.36,0.02,0.09
271,mid2,139.7814733,35.68635514,137.834111,94094864,residential,78.33912036,68,271,1.00,0.54,0.00,0.35,0.05,0.05
272,end,139.7812163,35.6866389,137.8336817,94094864,residential,78.33912036,68,272,1.00,0.53,0.00,0.36,0.02,0.08
273,start,139.7812163,35.6866389,-39.15237184,94094864,residential,47.13845288,69,273,1.00,0.47,0.00,0.35,0.04,0.08
274,mid1,139.7810724,35.6868157,-39.15237188,94094864,residential,47.13845288,69,274,1.00,0.53,0.01,0.22,0.04,0.05
275,mid2,139.7810724,35.6868157,140.8476281,94094864,residential,47.13845288,69,275,1.00,0.47,0.00,0.32,0.02,0.08
276,end,139.7809284,35.6869925,140.8476282,94094864,residential,47.13845288,69,276,1.00,0.51,0.01,0.35,0.01,0.06
277,start,139.7809284,35.6869925,-42.06211483,94094864,residential,38.40850364,70,277,1.00,0.51,0.03,0.37,0.02,0.06
278,mid1,139.7808027,35.6871318,-42.06211487,94094864,residential,38.40850364,70,278,1.00,0.50,0.03,0.34,0.06,0.08
279,mid2,139.7808027,35.6871318,137.9378851,94094864,residential,38.40850364,70,279,1.00,0.53,0.00,0.20,0.13,0.07
280,end,139.780677,35.6872711,137.9378852,94094864,residential,38.40850364,70,280,1.00,0.53,0.00,0.32,0.10,0.04
281,start,139.780677,35.6872711,-41.70066666,94094864,residential,44.87130172,71,281,1.00,0.55,0.00,0.34,0.04,0.05
282,mid1,139.7805314,35.68743456,-41.70066669,94094864,residential,44.87130172,71,282,1.00,0.56,0.01,0.33,0.02,0.00
283,mid2,139.7805314,35.68743456,138.2993333,94094864,residential,44.87130172,71,283,1.00,0.50,0.01,0.39,0.02,0.07
284,end,139.7803857,35.687598,138.2771615,94094864,residential,44.87130172,71,284,1.00,0.50,0.00,0.40,0.02,0.06
285,start,139.7781642,35.6884326,156.8741161,94094870,residential,87.17542446,72,285,1.00,0.52,0.01,0.36,0.02,0.07
286,mid1,139.7783224,35.68806226,156.8741161,94094870,residential,87.17542446,72,286,1.00,0.50,0.00,0.37,0.03,0.07
287,mid2,139.7783224,35.68806226,336.8741161,94094870,residential,87.17542446,72,287,1.00,0.51,0.02,0.35,0.04,0.04
288,end,139.7784805,35.6876919,336.9295878,94094870,residential,87.17542446,72,288,1.00,0.53,0.00,0.13,0.02,0.08
289,start,139.7785216,35.6875932,157.2213505,94094870,residential,91.40310089,73,289,1.00,0.53,0.01,0.35,0.03,0.07
290,mid1,139.778685,35.6872042,157.2213505,94094870,residential,91.40310089,73,290,0.99,0.34,0.23,0.31,0.03,0.06
291,mid2,139.778685,35.6872042,337.2213505,94094870,residential,91.40310089,73,291,0.91,0.42,0.00,0.34,0.02,0.10
292,end,139.7788483,35.6868152,337.2213505,94094870,residential,91.40310089,73,292,1.00,0.54,0.00,0.37,0.02,0.05
293,start,139.7788483,35.6868152,156.5467225,94094870,residential,70.92662734,74,293,0.83,0.33,0.15,0.36,0.04,0.11
294,mid1,139.7789788,35.6865144,156.5467225,94094870,residential,70.92662734,74,294,1.00,0.51,0.00,0.38,0.03,0.08
295,mid2,139.7789788,35.6865144,336.5467225,94094870,residential,70.92662734,74,295,0.41,0.18,0.00,0.38,0.00,0.08
296,end,139.7791093,35.6862136,336.5467225,94094870,residential,70.92662734,74,296,0.95,0.43,0.03,0.33,0.03,0.08
297,start,139.7791093,35.6862136,156.3873192,94094870,residential,254.2366104,75,297,1.00,0.50,0.01,0.37,0.02,0.07
298,mid1,139.779583,35.68512928,156.5361934,94094870,residential,254.2366104,75,298,0.86,0.40,0.06,0.31,0.01,0.07
299,mid2,139.779583,35.68512928,336.5361934,94094870,residential,254.2366104,75,299,1.00,0.51,0.01,0.38,0.04,0.05
300,end,139.7797792,35.684096,50.36079669,94094870,residential,254.2366104,75,300,1.00,0.49,0.04,0.40,0.02,0.03
301,start,139.778812,35.68778,-23.5168414,94094883,residential,89.21860244,76,301,0.96,0.35,0.00,0.33,0.03,0.14
302,mid1,139.7786474,35.68815825,-23.51684137,94094883,residential,89.21860244,76,302,1.00,0.52,0.07,0.33,0.05,0.03
303,mid2,139.7786474,35.68815825,156.4831586,94094883,residential,89.21860244,76,303,1.00,0.58,0.01,0.31,0.05,0.04
304,end,139.7784828,35.6885365,156.4831586,94094883,residential,89.21860244,76,304,1.00,0.53,0.01,0.35,0.03,0.04
305,start,139.7778005,35.6886786,65.50333944,94094885,residential,122.9852776,77,305,1.00,0.62,0.01,0.27,0.07,0.03
306,mid1,139.7783856,35.68896177,63.55496289,94094885,residential,122.9852776,77,306,1.00,0.55,0.02,0.33,0.05,0.04
307,mid2,139.7783856,35.68896177,243.5549629,94094885,residential,122.9852776,77,307,1.00,0.56,0.03,0.32,0.03,0.04
308,end,139.778972,35.6892381,260.477745,94094885,residential,122.9852776,77,308,1.00,0.51,0.01,0.33,0.06,0.06
309,start,139.778972,35.6892381,57.85426801,94094885,residential,51.04204995,78,309,1.00,0.53,0.00,0.31,0.03,0.06
310,mid1,139.7791955,35.68937855,57.854268,94094885,residential,51.04204995,78,310,1.00,0.60,0.00,0.27,0.08,0.04
311,mid2,139.7791955,35.68937855,237.854268,94094885,residential,51.04204995,78,311,1.00,0.46,0.00,0.27,0.05,0.03
312,end,139.779419,35.689519,237.854268,94094885,residential,51.04204995,78,312,1.00,0.57,0.01,0.27,0.10,0.04
313,start,139.779419,35.689519,57.64512876,94094885,residential,589.7902722,79,313,0.96,0.44,0.07,0.45,0.01,0.04
314,mid1,139.7819208,35.69120377,55.81452355,94094885,residential,589.7902722,79,314,1.00,0.50,0.00,0.36,0.06,0.07
315,mid2,139.7819208,35.69120377,235.8145235,94094885,residential,589.7902722,79,315,1.00,0.49,0.00,0.36,0.03,0.07
316,end,139.7843423,35.6929687,274.4397608,94094885,residential,589.7902722,79,316,1.00,0.50,0.00,0.38,0.03,0.08
317,start,139.7776378,35.6889145,57.33569016,94094899,unclassified,118.9421205,80,317,1.00,0.53,0.00,0.40,0.02,0.05
318,mid1,139.7781549,35.68924562,57.3732381,94094899,unclassified,118.9421205,80,318,1.00,0.49,0.02,0.40,0.02,0.06
319,mid2,139.7781549,35.68924562,237.3732381,94094899,unclassified,118.9421205,80,319,1.00,0.49,0.01,0.41,0.02,0.06
320,end,139.7786721,35.6895767,237.3732381,94094899,unclassified,118.9421205,80,320,1.00,0.52,0.01,0.38,0.04,0.05
321,start,139.7786721,35.6895767,55.34384873,94094899,unclassified,465.8247246,81,321,1.00,0.48,0.03,0.38,0.03,0.07
322,mid1,139.7806556,35.69091379,56.83201497,94094899,unclassified,465.8247246,81,322,1.00,0.49,0.02,0.39,0.02,0.05
323,mid2,139.7806556,35.69091379,236.832015,94094899,unclassified,465.8247246,81,323,1.00,0.45,0.02,0.41,0.01,0.09
324,end,139.7826337,35.6922588,233.7571546,94094899,unclassified,465.8247246,81,324,1.00,0.46,0.00,0.41,0.03,0.09
325,start,139.7782585,35.6849213,-30.08689904,94094906,residential,109.104688,82,325,1.00,0.50,0.03,0.40,0.03,0.03
326,mid1,139.778048,35.68537981,-23.33245503,94094906,residential,109.104688,82,326,1.00,0.55,0.01,0.34,0.02,0.05
327,mid2,139.778048,35.68537981,156.667545,94094906,residential,109.104688,82,327,1.00,0.56,0.00,0.36,0.04,0.04
328,end,139.7778479,35.6858436,156.6675449,94094906,residential,109.104688,82,328,1.00,0.66,0.00,0.31,0.03,0.00
329,start,139.7778479,35.6858436,-23.73246396,94094906,residential,71.89398451,83,329,1.00,0.64,0.00,0.27,0.04,0.02
330,mid1,139.7777141,35.68614805,-23.73246399,94094906,residential,71.89398451,83,330,1.00,0.45,0.00,0.37,0.02,0.10
331,mid2,139.7777141,35.68614805,156.267536,94094906,residential,71.89398451,83,331,1.00,0.54,0.02,0.36,0.03,0.05
332,end,139.7775802,35.6864525,156.267536,94094906,residential,71.89398451,83,332,1.00,0.44,0.01,0.39,0.03,0.11
333,start,139.7775802,35.6864525,-23.45486637,94094906,residential,41.27595854,84,333,1.00,0.50,0.01,0.37,0.02,0.08
334,mid1,139.7775043,35.68662755,-23.45486638,94094906,residential,41.27595854,84,334,1.00,0.50,0.01,0.33,0.07,0.06
335,mid2,139.7775043,35.68662755,156.5451336,94094906,residential,41.27595854,84,335,1.00,0.47,0.00,0.33,0.05,0.10
336,end,139.7774283,35.6868026,156.5451336,94094906,residential,41.27595854,84,336,1.00,0.53,0.00,0.36,0.03,0.04
337,start,139.7774283,35.6868026,-23.41859341,94094906,residential,50.67446424,85,337,1.00,0.53,0.00,0.33,0.02,0.04
338,mid1,139.7773352,35.68701755,-23.41859346,94094906,residential,50.67446424,85,338,1.00,0.54,0.00,0.36,0.05,0.05
339,mid2,139.7773352,35.68701755,156.5814065,94094906,residential,50.67446424,85,339,1.00,0.49,0.01,0.37,0.03,0.08
340,end,139.7772421,35.6872325,156.5814066,94094906,residential,50.67446424,85,340,1.00,0.51,0.00,0.36,0.03,0.06
341,start,139.7772004,35.6873295,-22.98535273,94094906,residential,77.16333614,86,341,1.00,0.56,0.00,0.37,0.02,0.04
342,mid1,139.7770613,35.68765755,-22.98535275,94094906,residential,77.16333614,86,342,1.00,0.55,0.00,0.37,0.04,0.04
343,mid2,139.7770613,35.68765755,157.0146473,94094906,residential,77.16333614,86,343,1.00,0.56,0.01,0.36,0.02,0.04
344,end,139.7769221,35.6879856,157.0146473,94094906,residential,77.16333614,86,344,1.00,0.58,0.00,0.34,0.04,0.00
345,start,139.7765422,35.6870776,67.4090767,120419639,unclassified,66.01996677,87,345,0.10,0.05,0.00,0.43,0.00,0.00
346,mid1,139.7768755,35.68719591,88.5576053,120419639,unclassified,66.01996677,87,346,1.00,0.46,0.02,0.33,0.10,0.09
347,mid2,139.7768755,35.68719591,268.5576053,120419639,unclassified,66.01996677,87,347,1.00,0.17,0.01,0.00,0.00,0.03
348,end,139.7772197,35.6872859,254.0884683,120419639,unclassified,66.01996677,87,348,1.00,0.49,0.00,0.39,0.01,0.06
349,start,139.7772197,35.6872859,75.02214031,120419639,unclassified,34.56603273,88,349,1.00,0.46,0.00,0.39,0.04,0.10
350,mid1,139.7774015,35.68733453,75.02214031,120419639,unclassified,34.56603273,88,350,0.89,0.38,0.03,0.34,0.07,0.17
351,mid2,139.7774015,35.68733453,255.0221403,120419639,unclassified,34.56603273,88,351,1.00,0.42,0.10,0.34,0.05,0.06
352,end,139.7775832,35.6873832,254.9796057,120419639,unclassified,34.56603273,88,352,1.00,0.49,0.00,0.38,0.06,0.07
353,start,139.7775832,35.6873832,74.34421804,120419639,unclassified,47.58462124,89,353,0.96,0.42,0.04,0.39,0.04,0.10
354,mid1,139.7778322,35.68745296,74.35623408,120419639,unclassified,47.58462124,89,354,1.00,0.39,0.19,0.24,0.04,0.09
355,mid2,139.7778322,35.68745296,254.3562341,120419639,unclassified,47.58462124,89,355,0.87,0.28,0.18,0.26,0.04,0.12
356,end,139.7780813,35.6875227,254.3562341,120419639,unclassified,47.58462124,89,356,1.00,0.42,0.02,0.39,0.00,0.09
357,start,139.7780813,35.6875227,74.45615274,120419639,unclassified,40.01805258,90,357,1.00,0.47,0.00,0.38,0.04,0.08
358,mid1,139.7782909,35.687581,74.45615274,120419639,unclassified,40.01805258,90,358,1.00,0.45,0.01,0.27,0.11,0.08
359,mid2,139.7782909,35.687581,254.4561527,120419639,unclassified,40.01805258,90,359,0.78,0.33,0.11,0.19,0.13,0.12
360,end,139.7785005,35.6876393,254.4561527,120419639,unclassified,40.01805258,90,360,1.00,0.46,0.02,0.36,0.07,0.08
361,start,139.7785005,35.6876393,74.24964123,120419639,unclassified,31.93163862,91,361,1.00,0.47,0.02,0.35,0.06,0.10
362,mid1,139.7786675,35.6876864,74.24964121,120419639,unclassified,31.93163862,91,362,1.00,0.39,0.10,0.21,0.03,0.09
363,mid2,139.7786675,35.6876864,254.2496412,120419639,unclassified,31.93163862,91,363,1.00,0.33,0.16,0.12,0.03,0.13
364,end,139.7788345,35.6877335,254.2496412,120419639,unclassified,31.93163862,91,364,1.00,0.38,0.11,0.29,0.04,0.13
365,start,139.7789151,35.6877565,74.64381084,120419639,unclassified,32.91012072,92,365,0.91,0.41,0.03,0.28,0.14,0.09
366,mid1,139.7790877,35.6878039,74.64381083,120419639,unclassified,32.91012072,92,366,1.00,0.40,0.13,0.26,0.04,0.09
367,mid2,139.7790877,35.6878039,254.6438108,120419639,unclassified,32.91012072,92,367,1.00,0.43,0.06,0.29,0.09,0.07
368,end,139.7792603,35.6878513,254.6438108,120419639,unclassified,32.91012072,92,368,1.00,0.48,0.01,0.39,0.04,0.07
369,start,139.7792603,35.6878513,75.10042796,120419639,unclassified,42.57610581,93,369,1.00,0.45,0.01,0.16,0.21,0.08
370,mid1,139.7794843,35.6879109,75.10042796,120419639,unclassified,42.57610581,93,370,0.91,0.43,0.01,0.28,0.12,0.08
371,mid2,139.7794843,35.6879109,255.100428,120419639,unclassified,42.57610581,93,371,1.00,0.44,0.08,0.32,0.01,0.10
372,end,139.7797083,35.6879705,255.100428,120419639,unclassified,42.57610581,93,372,1.00,0.46,0.00,0.39,0.02,0.10
373,start,139.7797083,35.6879705,73.7422536,120419639,unclassified,25.76478555,94,373,1.00,0.45,0.01,0.37,0.04,0.07
374,mid1,139.7798426,35.68800965,73.74225362,120419639,unclassified,25.76478555,94,374,1.00,0.43,0.09,0.32,0.07,0.06
375,mid2,139.7798426,35.68800965,253.7422536,120419639,unclassified,25.76478555,94,375,1.00,0.48,0.05,0.33,0.03,0.09
376,end,139.7799768,35.6880488,253.7422536,120419639,unclassified,25.76478555,94,376,1.00,0.45,0.01,0.39,0.01,0.09
377,start,139.7800625,35.6880736,73.89673489,120419639,unclassified,41.91848782,95,377,1.00,0.49,0.04,0.32,0.05,0.07
378,mid1,139.7802773,35.68813561,73.89673488,120419639,unclassified,41.91848782,95,378,0.97,0.41,0.06,0.33,0.09,0.09
379,mid2,139.7802773,35.68813561,253.8967349,120419639,unclassified,41.91848782,95,379,1.00,0.47,0.02,0.30,0.06,0.09
380,end,139.7804735,35.6882387,237.4870774,120419639,unclassified,41.91848782,95,380,1.00,0.56,0.03,0.01,0.26,0.04
381,start,139.7807582,35.6860348,-117.8985177,265166845,service,68.29686329,96,381,1.00,0.56,0.04,0.25,0.08,0.02
382,mid1,139.7804415,35.6858671,-117.8985177,265166845,service,68.29686329,96,382,1.00,0.70,0.00,0.26,0.03,0.00
383,mid2,139.7804415,35.6858671,62.10148233,265166845,service,68.29686329,96,383,1.00,0.62,0.01,0.09,0.22,0.06
384,end,139.7801247,35.6856994,62.10148233,265166845,service,68.29686329,96,384,1.00,0.63,0.01,0.17,0.19,0.00
385,start,139.7796363,35.6868287,75.78141354,363557706,service,22.36518887,97,385,1.00,0.63,0.04,0.17,0.11,0.03
386,mid1,139.7797545,35.68685865,75.78141353,363557706,service,22.36518887,97,386,1.00,0.64,0.00,0.17,0.11,0.02
387,mid2,139.7797545,35.68685865,255.7814135,363557706,service,22.36518887,97,387,1.00,0.70,0.00,0.23,0.04,0.02
388,end,139.7798727,35.6868886,255.7814135,363557706,service,22.36518887,97,388,1.00,0.61,0.06,0.23,0.03,0.04
389,start,139.7798727,35.6868886,75.05639857,363557706,service,25.04026383,98,389,1.00,0.53,0.03,0.28,0.06,0.02
390,mid1,139.7800044,35.68692375,75.05639854,363557706,service,25.04026383,98,390,1.00,0.46,0.00,0.16,0.02,0.00
391,mid2,139.7800044,35.68692375,255.0563985,363557706,service,25.04026383,98,391,1.00,0.43,0.00,0.32,0.01,0.08
392,end,139.7801361,35.6869589,255.0563986,363557706,service,25.04026383,98,392,1.00,0.61,0.00,0.29,0.05,0.03
393,start,139.7796745,35.6885466,148.4725744,363557710,service,22.33711474,99,393,1.00,0.54,0.14,0.05,0.16,0.06
394,mid1,139.7797297,35.6884567,148.4725746,363557710,service,22.33711474,99,394,1.00,0.61,0.07,0.00,0.19,0.04
395,mid2,139.7797297,35.6884567,328.4725746,363557710,service,22.33711474,99,395,1.00,0.51,0.19,0.02,0.02,0.00
396,end,139.7797848,35.6883668,328.4725744,363557710,service,22.33711474,99,396,1.00,0.53,0.07,0.15,0.10,0.05
397,start,139.7797848,35.6883668,148.8851016,363557710,service,32.3961214,100,397,1.00,0.58,0.02,0.11,0.16,0.02
398,mid1,139.7798638,35.688236,148.8851015,363557710,service,32.3961214,100,398,1.00,0.67,0.06,0.20,0.05,0.00
399,mid2,139.7798638,35.688236,328.8851015,363557710,service,32.3961214,100,399,1.00,0.48,0.07,0.23,0.04,0.06
400,end,139.7799427,35.6881052,328.8851016,363557710,service,32.3961214,100,400,1.00,0.63,0.00,0.09,0.11,0.00
401,start,139.7797848,35.6883668,67.08212446,363557711,service,45.49135407,101,401,1.00,0.14,0.00,0.07,0.03,0.00
402,mid1,139.7800082,35.68846125,67.08212444,363557711,service,45.49135407,101,402,1.00,0.60,0.05,0.21,0.07,0.03
403,mid2,139.7800082,35.68846125,247.0821244,363557711,service,45.49135407,101,403,1.00,0.66,0.02,0.19,0.02,0.04
404,end,139.7802316,35.6885557,247.0821245,363557711,service,45.49135407,101,404,1.00,0.28,0.05,0.18,0.07,0.00
405,start,139.7769348,35.6866669,74.62509799,397741940,path,47.05525029,102,405,1.00,0.76,0.00,0.00,0.00,0.00
406,mid1,139.7771816,35.68673475,74.62509799,397741940,path,47.05525029,102,406,1.00,0.67,0.00,0.15,0.01,0.04
407,mid2,139.7771816,35.68673475,254.625098,397741940,path,47.05525029,102,407,1.00,0.76,0.00,0.13,0.03,0.00
408,end,139.7774283,35.6868026,254.625098,397741940,path,47.05525029,102,408,1.00,0.63,0.00,0.27,0.05,0.00
409,start,139.7769042,35.6872515,86.99707238,666904197,footway,28.21616777,103,409,1.00,0.42,0.11,0.27,0.03,0.10
410,mid1,139.7770529,35.68728708,73.957816,666904197,footway,28.21616777,103,410,1.00,0.43,0.08,0.32,0.06,0.10
411,mid2,139.7770529,35.68728708,253.957816,666904197,footway,28.21616777,103,411,0.87,0.34,0.14,0.32,0.06,0.12
412,end,139.7772004,35.6873295,253.957816,666904197,footway,28.21616777,103,412,1.00,0.57,0.00,0.25,0.07,0.04
413,start,139.7772004,35.6873295,73.75804042,666904197,footway,34.7138684,104,413,1.00,0.59,0.02,0.26,0.08,0.05
414,mid1,139.7773813,35.6873822,73.75804041,666904197,footway,34.7138684,104,414,0.90,0.38,0.02,0.35,0.07,0.17
415,mid2,139.7773813,35.6873822,253.7580404,666904197,footway,34.7138684,104,415,1.00,0.43,0.10,0.33,0.06,0.05
416,end,139.7775622,35.6874349,253.7580404,666904197,footway,34.7138684,104,416,1.00,0.63,0.00,0.26,0.06,0.00
417,start,139.7775622,35.6874349,74.16921079,666904197,footway,47.39919951,105,417,1.00,0.42,0.15,0.10,0.15,0.08
418,mid1,139.77781,35.68750515,74.16921079,666904197,footway,47.39919951,105,418,1.00,0.38,0.20,0.24,0.04,0.09
419,mid2,139.77781,35.68750515,254.1692108,666904197,footway,47.39919951,105,419,0.89,0.28,0.18,0.25,0.05,0.12
420,end,139.7780577,35.6875754,254.1692108,666904197,footway,47.39919951,105,420,1.00,0.37,0.31,0.05,0.12,0.10
421,start,139.7780577,35.6875754,74.5947757,666904197,footway,40.32218511,106,421,1.00,0.51,0.06,0.20,0.08,0.09
422,mid1,139.7782691,35.68763365,74.5947757,666904197,footway,40.32218511,106,422,1.00,0.45,0.01,0.27,0.12,0.08
423,mid2,139.7782691,35.68763365,254.5947757,666904197,footway,40.32218511,106,423,0.77,0.33,0.11,0.19,0.13,0.12
424,end,139.7784805,35.6876919,254.5947757,666904197,footway,40.32218511,106,424,1.00,0.62,0.02,0.24,0.05,0.03
425,start,139.7784805,35.6876919,75.11700269,666904197,footway,31.50092749,107,425,1.00,0.52,0.00,0.31,0.07,0.08
426,mid1,139.7786463,35.68773595,75.11700271,666904197,footway,31.50092749,107,426,1.00,0.39,0.09,0.22,0.03,0.09
427,mid2,139.7786463,35.68773595,255.1170027,666904197,footway,31.50092749,107,427,1.00,0.34,0.14,0.10,0.04,0.13
428,end,139.778812,35.68778,255.1170027,666904197,footway,31.50092749,107,428,0.57,0.24,0.00,0.38,0.04,0.24
429,start,139.780547,35.6881833,-82.42705138,666904198,footway,47.25762534,108,429,0.87,0.40,0.02,0.41,0.05,0.12
430,mid1,139.7803251,35.68809096,-119.5158303,666904198,footway,47.25762534,108,430,1.00,0.46,0.03,0.33,0.05,0.09
431,mid2,139.7803251,35.68809096,60.48416973,666904198,footway,47.25762534,108,431,1.00,0.44,0.06,0.29,0.09,0.09
432,end,139.7800819,35.6880246,74.97783086,666904198,footway,47.25762534,108,432,1.00,0.52,0.04,0.01,0.32,0.08
433,start,139.7800819,35.6880246,-105.0050764,666904198,footway,33.60038319,109,433,1.00,0.50,0.04,0.04,0.30,0.09
434,mid1,139.7799053,35.68797725,-105.0050764,666904198,footway,33.60038319,109,434,1.00,0.48,0.05,0.33,0.03,0.09
435,mid2,139.7799053,35.68797725,74.99492364,666904198,footway,33.60038319,109,435,1.00,0.44,0.09,0.32,0.07,0.06
436,end,139.7797286,35.6879299,74.99492364,666904198,footway,33.60038319,109,436,1.00,0.62,0.00,0.21,0.03,0.00
437,start,139.7797286,35.6879299,-105.675982,666904198,footway,42.73109191,110,437,1.00,0.35,0.00,0.16,0.02,0.00
438,mid1,139.779505,35.68786715,-105.675982,666904198,footway,42.73109191,110,438,1.00,0.45,0.08,0.32,0.02,0.10
439,mid2,139.779505,35.68786715,74.324018,666904198,footway,42.73109191,110,439,0.90,0.43,0.01,0.28,0.11,0.08
440,end,139.7792814,35.6878044,74.324018,666904198,footway,42.73109191,110,440,1.00,0.45,0.00,0.17,0.23,0.08
441,start,139.7792814,35.6878044,-105.5710335,666904198,footway,33.06512503,111,441,1.00,0.49,0.01,0.38,0.04,0.07
442,mid1,139.7791083,35.68775615,-105.5710335,666904198,footway,33.06512503,111,442,1.00,0.43,0.06,0.29,0.10,0.07
443,mid2,139.7791083,35.68775615,74.42896651,666904198,footway,33.06512503,111,443,1.00,0.40,0.13,0.27,0.04,0.09
444,end,139.7789351,35.6877079,74.42896652,666904198,footway,33.06512503,111,444,0.89,0.41,0.03,0.27,0.15,0.09
445,start,139.781352,35.689252,137.6718646,688129884,footway,147.3215503,112,445,1.00,0.51,0.10,0.25,0.06,0.07
446,mid1,139.7812097,35.6887735,-122.3569868,688129884,footway,147.3215503,112,446,1.00,0.39,0.19,0.28,0.06,0.05
447,mid2,139.7812097,35.6887735,57.64301319,688129884,footway,147.3215503,112,447,0.93,0.33,0.23,0.13,0.16,0.07
448,end,139.7805731,35.6884356,126.7461488,688129884,footway,147.3215503,112,448,0.86,0.40,0.04,0.43,0.01,0.09
449,start,139.7766077,35.6878598,42.96739122,688129885,footway,32.07907456,113,449,1.00,0.46,0.00,0.31,0.04,0.09
450,mid1,139.7767598,35.68793133,71.38553905,688129885,footway,32.07907456,113,450,1.00,0.45,0.00,0.39,0.05,0.09
451,mid2,139.7767598,35.68793133,251.385539,688129885,footway,32.07907456,113,451,1.00,0.46,0.03,0.37,0.03,0.06
452,end,139.7769221,35.6879856,251.9165546,688129885,footway,32.07907456,113,452,1.00,0.54,0.00,0.26,0.14,0.04
453,start,139.7769221,35.6879856,68.61137717,688129885,footway,35.08910791,114,453,1.00,0.61,0.00,0.18,0.02,0.00
454,mid1,139.7771001,35.68804812,71.4098135,688129885,footway,35.08910791,114,454,1.00,0.46,0.00,0.40,0.02,0.10
455,mid2,139.7771001,35.68804812,251.4098135,688129885,footway,35.08910791,114,455,1.00,0.51,0.00,0.38,0.02,0.04
456,end,139.7772768,35.6881135,244.3318741,688129885,footway,35.08910791,114,456,1.00,0.55,0.00,0.32,0.07,0.04
457,start,139.7772768,35.6881135,65.03101268,688129885,footway,47.16542699,115,457,1.00,0.52,0.02,0.33,0.05,0.07
458,mid1,139.777515,35.68820067,70.90362116,688129885,footway,47.16542699,115,458,1.00,0.49,0.00,0.39,0.04,0.07
459,mid2,139.777515,35.68820067,250.9036212,688129885,footway,47.16542699,115,459,1.00,0.48,0.02,0.40,0.02,0.07
460,end,139.777755,35.6882834,251.507583,688129885,footway,47.16542699,115,460,1.00,0.59,0.00,0.24,0.12,0.02
461,start,139.777755,35.6882834,67.9128284,688129885,footway,40.58115961,116,461,1.00,0.44,0.11,0.25,0.03,0.06
462,mid1,139.7779607,35.68835551,71.25673608,688129885,footway,40.58115961,116,462,1.00,0.00,0.00,0.00,0.00,0.00
463,mid2,139.7779607,35.68835551,251.2567361,688129885,footway,40.58115961,116,463,1.00,0.24,0.00,0.07,0.01,0.00
464,end,139.7781642,35.6884326,241.7746665,688129885,footway,40.58115961,116,464,1.00,0.47,0.01,0.40,0.01,0.09
465,start,139.7781642,35.6884326,64.08724451,688129885,footway,31.07083891,117,465,1.00,0.49,0.00,0.32,0.00,0.07
466,mid1,139.7783221,35.68848816,73.15890862,688129885,footway,31.07083891,117,466,0.97,0.44,0.02,0.38,0.02,0.09
467,mid2,139.7783221,35.68848816,253.1589086,688129885,footway,31.07083891,117,467,1.00,0.49,0.01,0.41,0.01,0.07
468,end,139.7784828,35.6885365,253.7319659,688129885,footway,31.07083891,117,468,1.00,0.53,0.01,0.31,0.08,0.06
469,start,139.7784828,35.6885365,68.70989277,688129885,footway,43.86057353,118,469,1.00,0.56,0.01,0.37,0.03,0.03
470,mid1,139.778708,35.68861038,72.42369278,688129885,footway,43.86057353,118,470,1.00,0.46,0.03,0.36,0.07,0.07
471,mid2,139.778708,35.68861038,252.4236928,688129885,footway,43.86057353,118,471,1.00,0.52,0.01,0.38,0.04,0.05
472,end,139.7789339,35.6886824,251.7915155,688129885,footway,43.86057353,118,472,1.00,0.56,0.02,0.33,0.03,0.04
473,start,139.7789339,35.6886824,70.38212059,688129885,footway,39.43457368,119,473,1.00,0.56,0.00,0.37,0.04,0.03
474,mid1,139.7791366,35.68874797,72.63973772,688129885,footway,39.43457368,119,474,1.00,0.48,0.01,0.39,0.02,0.05
475,mid2,139.7791366,35.68874797,252.6397377,688129885,footway,39.43457368,119,475,1.00,0.49,0.00,0.37,0.05,0.07
476,end,139.7793387,35.6888149,247.955091,688129885,footway,39.43457368,119,476,1.00,0.50,0.02,0.37,0.04,0.08
477,start,139.7793387,35.6888149,69.79442991,688129885,footway,86.39028851,120,477,1.00,0.47,0.05,0.38,0.05,0.05
478,mid1,139.7797651,35.68895458,72.08867827,688129885,footway,86.39028851,120,478,0.95,0.44,0.04,0.45,0.01,0.05
479,mid2,139.7797651,35.68895458,252.0886783,688129885,footway,86.39028851,120,479,1.00,0.49,0.00,0.36,0.02,0.06
480,end,139.7800936,35.6887189,321.6325147,688129885,footway,86.39028851,120,480,0.89,0.38,0.06,0.28,0.15,0.08
481,start,139.7800936,35.6887189,135.5354589,688129885,footway,22.02135195,121,481,0.77,0.36,0.09,0.30,0.11,0.08
482,mid1,139.7801627,35.68863739,140.4010817,688129885,footway,22.02135195,121,482,0.68,0.31,0.12,0.42,0.01,0.10
483,mid2,139.7801627,35.68863739,320.4010817,688129885,footway,22.02135195,121,483,0.76,0.30,0.07,0.37,0.00,0.10
484,end,139.7802316,35.6885557,317.0700307,688129885,footway,22.02135195,121,484,NA,0.00,0.03,0.00,0.00,0.00
485,start,139.7802316,35.6885557,140.7105931,688129885,footway,28.62618785,122,485,1.00,0.62,0.01,0.09,0.08,0.00
486,mid1,139.7803215,35.68844967,139.6025457,688129885,footway,28.62618785,122,486,1.00,0.38,0.28,0.03,0.29,0.01
487,mid2,139.7803215,35.68844967,319.6025457,688129885,footway,28.62618785,122,487,1.00,0.47,0.05,0.01,0.37,0.09
488,end,139.7804116,35.6883438,319.6025457,688129885,footway,28.62618785,122,488,0.74,0.33,0.09,0.38,0.05,0.09
489,start,139.7763682,35.6884268,43.05598095,688129886,footway,64.24936983,123,489,1.00,0.75,0.03,0.00,0.07,0.00
490,mid1,139.7766847,35.68855311,71.82897462,688129886,footway,64.24936983,123,490,0.30,0.13,0.34,0.39,0.03,0.07
491,mid2,139.7766847,35.68855311,251.8289746,688129886,footway,64.24936983,123,491,0.77,0.36,0.09,0.40,0.00,0.07
492,end,139.777012,35.6886616,250.0906522,688129886,footway,64.24936983,123,492,0.73,0.32,0.23,0.38,0.03,0.02
493,start,139.777012,35.6886616,68.72145781,688129886,footway,167.7964913,124,493,0.86,0.37,0.13,0.36,0.06,0.06
494,mid1,139.7777179,35.68863232,152.279635,688129886,footway,167.7964913,124,494,1.00,0.55,0.01,0.32,0.06,0.04
495,mid2,139.7777179,35.68863232,332.279635,688129886,footway,167.7964913,124,495,1.00,0.48,0.00,0.37,0.06,0.08
496,end,139.7772424,35.6881887,59.10631572,688129886,footway,167.7964913,124,496,1.00,0.45,0.03,0.36,0.06,0.09
497,start,139.7772424,35.6881887,-112.8445531,688129886,footway,67.00928781,125,497,1.00,0.53,0.00,0.39,0.03,0.04
498,mid1,139.7769016,35.68806777,-108.994567,688129886,footway,67.00928781,125,498,1.00,0.53,0.00,0.37,0.05,0.04
499,mid2,139.7769016,35.68806777,71.00543296,688129886,footway,67.00928781,125,499,1.00,0.52,0.00,0.36,0.03,0.07
500,end,139.7765564,35.6879806,103.9503428,688129886,footway,67.00928781,125,500,1.00,0.50,0.07,0.29,0.13,0.00
501,start,139.779419,35.689519,145.9499099,688132033,footway,108.5215596,126,501,0.97,0.41,0.13,0.36,0.06,0.04
502,mid1,139.7797698,35.68909566,140.0242412,688132033,footway,108.5215596,126,502,0.73,0.33,0.10,0.43,0.02,0.09
503,mid2,139.7797698,35.68909566,320.0242412,688132033,footway,108.5215596,126,503,0.35,0.16,0.30,0.43,0.01,0.10
504,end,139.7793025,35.6888896,72.57723879,688132033,footway,108.5215596,126,504,1.00,0.46,0.05,0.41,0.03,0.05
505,start,139.7793025,35.6888896,-109.2177312,688132033,footway,159.8540713,127,505,1.00,0.49,0.01,0.36,0.04,0.07
506,mid1,139.7784955,35.68863352,-107.5084563,688132033,footway,159.8540713,127,506,1.00,0.47,0.04,0.39,0.04,0.05
507,mid2,139.7784955,35.68863352,72.49154373,688132033,footway,159.8540713,127,507,1.00,0.46,0.03,0.41,0.02,0.08
508,end,139.7778005,35.6886786,154.1422682,688132033,footway,159.8540713,127,508,1.00,0.81,0.00,0.02,0.07,0.00
509,start,139.7778005,35.6886786,-23.9868702,688132033,footway,140.9972036,128,509,1.00,0.61,0.00,0.21,0.08,0.02
510,mid1,139.7781016,35.68915811,57.08008235,688132033,footway,140.9972036,128,510,1.00,0.50,0.00,0.40,0.04,0.07
511,mid2,139.7781016,35.68915811,237.0800823,688132033,footway,140.9972036,128,511,1.00,0.50,0.01,0.39,0.04,0.07
512,end,139.7786991,35.689547,234.5959564,688132033,footway,140.9972036,128,512,1.00,0.48,0.00,0.39,0.03,0.08
513,start,139.7786991,35.689547,53.05357197,688132033,footway,49.61389837,129,513,1.00,0.48,0.01,0.38,0.05,0.06
514,mid1,139.778914,35.68968829,57.44781114,688132033,footway,49.61389837,129,514,1.00,0.47,0.00,0.37,0.02,0.09
515,mid2,139.778914,35.68968829,237.4478111,688132033,footway,49.61389837,129,515,0.99,0.45,0.02,0.40,0.03,0.07
516,end,139.7791379,35.6898075,262.8444585,688132033,footway,49.61389837,129,516,1.00,0.44,0.04,0.23,0.21,0.07
517,start,139.7801437,35.6869416,58.27715341,755567326,residential,22.619837,130,517,1.00,0.54,0.08,0.27,0.06,0.03
518,mid1,139.7802434,35.6870032,58.27715335,755567326,residential,22.619837,130,518,1.00,0.50,0.09,0.14,0.13,0.07
519,mid2,139.7802434,35.6870032,238.2771534,755567326,residential,22.619837,130,519,1.00,0.51,0.13,0.08,0.17,0.03
520,end,139.780343,35.6870648,238.2771534,755567326,residential,22.619837,130,520,1.00,0.58,0.09,0.27,0.02,0.00
521,start,139.780343,35.6870648,58.2978399,755567326,residential,37.89653681,131,521,1.00,0.59,0.02,0.22,0.08,0.06
522,mid1,139.78051,35.68716795,58.29783992,755567326,residential,37.89653681,131,522,1.00,0.52,0.05,0.01,0.10,0.00
523,mid2,139.78051,35.68716795,238.2978399,755567326,residential,37.89653681,131,523,1.00,0.62,0.10,0.00,0.25,0.02
524,end,139.780677,35.6872711,238.2978399,755567326,residential,37.89653681,131,524,1.00,0.56,0.00,0.34,0.05,0.04
525,start,139.780343,35.6870648,138.5485177,755567327,service,39.13831623,132,525,1.00,0.55,0.01,0.30,0.01,0.03
526,mid1,139.7804693,35.6869218,138.5485177,755567327,service,39.13831623,132,526,1.00,0.48,0.16,0.08,0.14,0.00
527,mid2,139.7804693,35.6869218,318.5485177,755567327,service,39.13831623,132,527,1.00,0.54,0.24,0.00,0.21,0.00
528,end,139.7805956,35.6867788,318.5485177,755567327,service,39.13831623,132,528,1.00,0.59,0.07,0.16,0.05,0.00
529,start,139.7803498,35.6887063,-33.98127613,1081082712,footway,185.6332561,133,529,1.00,0.44,0.07,0.15,0.25,0.07
530,mid1,139.7805543,35.68927627,62.28376147,1081082712,footway,185.6332561,133,530,1.00,0.44,0.07,0.38,0.04,0.05
531,mid2,139.7805543,35.68927627,242.2837615,1081082712,footway,185.6332561,133,531,1.00,0.50,0.01,0.41,0.02,0.05
532,end,139.7813029,35.6893074,321.6030019,1081082712,footway,185.6332561,133,532,1.00,0.57,0.04,0.27,0.09,0.00
533,start,139.7799427,35.6881052,74.96648205,1081089060,footway,50.28903011,134,533,1.00,0.32,0.00,0.00,0.05,0.00
534,mid1,139.7802008,35.68817453,74.96648205,1081089060,footway,50.28903011,134,534,1.00,0.44,0.05,0.33,0.07,0.09
535,mid2,139.7802008,35.68817453,254.9664821,1081089060,footway,50.28903011,134,535,1.00,0.44,0.03,0.32,0.09,0.09
536,end,139.7804186,35.6883014,184.3987053,1081089060,footway,50.28903011,134,536,1.00,0.46,0.02,0.37,0.06,0.03
537,start,139.7781028,35.687474,-105.8360385,1081089064,footway,47.68804052,135,537,1.00,0.48,0.02,0.23,0.13,0.09
538,mid1,139.7778536,35.6874033,-105.8360385,1081089064,footway,47.68804052,135,538,0.89,0.28,0.18,0.25,0.05,0.12
539,mid2,139.7778536,35.6874033,74.16396154,1081089064,footway,47.68804052,135,539,1.00,0.38,0.20,0.24,0.04,0.09
540,end,139.7776043,35.6873326,74.16396155,1081089064,footway,47.68804052,135,540,1.00,0.47,0.03,0.29,0.09,0.09
541,start,139.7776043,35.6873326,-105.4490236,1081089064,footway,34.55359398,136,541,1.00,0.52,0.00,0.32,0.09,0.06
542,mid1,139.7774232,35.68728255,-105.4490236,1081089064,footway,34.55359398,136,542,1.00,0.43,0.10,0.33,0.05,0.05
543,mid2,139.7774232,35.68728255,74.55097642,1081089064,footway,34.55359398,136,543,0.90,0.38,0.03,0.35,0.07,0.17
544,end,139.7772421,35.6872325,74.55097638,1081089064,footway,34.55359398,136,544,1.00,0.47,0.01,0.33,0.05,0.10
545,start,139.7772421,35.6872325,-105.4419191,1081089064,footway,31.90947162,137,545,1.00,0.58,0.01,0.24,0.11,0.04
546,mid1,139.7770749,35.6871863,-105.4419191,1081089064,footway,31.90947162,137,546,0.84,0.33,0.14,0.29,0.10,0.12
547,mid2,139.7770749,35.6871863,74.55808093,1081089064,footway,31.90947162,137,547,1.00,0.43,0.08,0.32,0.06,0.09
548,end,139.7769076,35.6871401,74.55808095,1081089064,footway,31.90947162,137,548,1.00,0.47,0.02,0.30,0.09,0.08
549,start,139.7803857,35.687598,-45.68368807,1087646342,residential,55.72728341,138,549,1.00,0.57,0.01,0.19,0.14,0.00
550,mid1,139.7801946,35.68778464,-45.68368809,1087646342,residential,55.72728341,138,550,1.00,0.70,0.00,0.17,0.10,0.01
551,mid2,139.7801946,35.68778464,134.3163119,1087646342,residential,55.72728341,138,551,1.00,0.57,0.02,0.23,0.10,0.03
552,end,139.7800819,35.6880246,157.3062051,1087646342,residential,55.72728341,138,552,1.00,0.62,0.05,0.08,0.10,0.01
553,start,139.7804906,35.6883907,-38.64617857,1096310481,tertiary,27.19362393,139,553,0.69,0.31,0.10,0.39,0.05,0.09
554,mid1,139.7804086,35.68849325,-38.64617866,1096310481,tertiary,27.19362393,139,554,0.62,0.25,0.10,0.38,0.00,0.10
555,mid2,139.7804086,35.68849325,141.3538213,1096310481,tertiary,27.19362393,139,555,1.00,0.44,0.02,0.41,0.02,0.09
556,end,139.7803266,35.6885958,141.3538214,1096310481,tertiary,27.19362393,139,556,0.99,0.42,0.00,0.37,0.00,0.10
